Workbook

Sheet Requerimientos
A1: Neptuno (Sistema de Gestión Documental) - ESPECIFICACIÓN DE REQUERIMIENTOS
A2: Código | B2: Tipo | C2: Categoría | D2: Nombre | E2: Descripción | F2: Historias asociadas
A3: RF-001 | B3: Funcional | C3: Autenticación y usuarios | D3: Iniciar sesión | E3: El sistema debe permitir al Usuario iniciar sesión con sus credenciales para acceder únicamente a lo que su perfil permite. | F3: =COUNTIF('Product Backlog'!$H$3:$H$87,"*"&A3&"*") -> 1
A4: RF-002 | B4: Funcional | C4: Autenticación y usuarios | D4: Cerrar sesión | E4: El sistema debe permitir al Usuario cerrar su sesión para evitar que otra persona use su cuenta en un equipo compartido. | F4: =COUNTIF('Product Backlog'!$H$3:$H$87,"*"&A4&"*") -> 1
A5: RF-003 | B5: Funcional | C5: Autenticación y usuarios | D5: Crear usuario | E5: El sistema debe permitir al Administrador crear un usuario (nombre, correo, área y estado) para dar acceso al sistema a un nuevo integrante de la organización. | F5: =COUNTIF('Product Backlog'!$H$3:$H$87,"*"&A5&"*") -> 1
A6: RF-004 | B6: Funcional | C6: Autenticación y usuarios | D6: Editar usuario | E6: El sistema debe permitir al Administrador editar los datos de un usuario existente (nombre, correo, área) para mantener su información actualizada. | F6: =COUNTIF('Product Backlog'!$H$3:$H$87,"*"&A6&"*") -> 1
A7: RF-005 | B7: Funcional | C7: Autenticación y usuarios | D7: Eliminar usuario | E7: El sistema debe permitir al Administrador eliminar un usuario mediante baja lógica para revocar su acceso sin perder su historial en la bitácora de auditoría. | F7: =COUNTIF('Product Backlog'!$H$3:$H$87,"*"&A7&"*") -> 1
A8: RF-006 | B8: Funcional | C8: Autenticación y usuarios | D8: Consultar y buscar usuarios | E8: El sistema debe permitir al Administrador consultar el listado de usuarios y filtrarlo por nombre, rol o estado para ubicar rápidamente al usuario que necesita administrar. | F8: =COUNTIF('Product Backlog'!$H$3:$H$87,"*"&A8&"*") -> 1
A9: RF-007 | B9: Funcional | C9: Roles y permisos | D9: Crear rol | E9: El sistema debe permitir al Administrador crear un rol (ej. Radicador, Tesorero, Gerente) para agrupar los permisos de un perfil de la organización. | F9: =COUNTIF('Product Backlog'!$H$3:$H$87,"*"&A9&"*") -> 1
A10: RF-008 | B10: Funcional | C10: Roles y permisos | D10: Editar rol | E10: El sistema debe permitir al Administrador editar el nombre y la descripción de un rol para mantenerlo alineado con la estructura de la organización. | F10: =COUNTIF('Product Backlog'!$H$3:$H$87,"*"&A10&"*") -> 1
A11: RF-009 | B11: Funcional | C11: Roles y permisos | D11: Eliminar rol | E11: El sistema debe permitir al Administrador eliminar un rol que ya no se use (sin usuarios asignados) para mantener limpio el catálogo de perfiles. | F11: =COUNTIF('Product Backlog'!$H$3:$H$87,"*"&A11&"*") -> 1
A12: RF-010 | B12: Funcional | C12: Roles y permisos | D12: Consultar roles | E12: El sistema debe permitir al Administrador consultar el listado de roles con sus permisos y usuarios asignados para tener visibilidad de quién puede hacer qué. | F12: =COUNTIF('Product Backlog'!$H$3:$H$87,"*"&A12&"*") -> 1
A13: RF-011 | B13: Funcional | C13: Roles y permisos | D13: Asignar permisos a un rol | E13: El sistema debe permitir al Administrador asignar o quitar permisos sobre funcionalidades a un rol para definir con precisión lo que puede hacer cada perfil. | F13: =COUNTIF('Product Backlog'!$H$3:$H$87,"*"&A13&"*") -> 1
A14: RF-012 | B14: Funcional | C14: Roles y permisos | D14: Asignar roles a un usuario | E14: El sistema debe permitir al Administrador asignar o quitar uno o varios roles a un usuario para determinar su nivel de acceso en el sistema. | F14: =COUNTIF('Product Backlog'!$H$3:$H$87,"*"&A14&"*") -> 1
... A87: RF-085 | B87: No funcional | C87: Requerimientos no funcionales | D87: Verificar la concurrencia de usuarios | E87: El sistema debe permitir al Equipo de desarrollo ejecutar pruebas de carga con el número mínimo de usuarios concurrentes (N por definir) para confirmar que no hay degradación del rendimiento. | F87: =COUNTIF('Product Backlog'!$H$3:$H$87,"*"&A87&"*") -> 1
D89: Total requerimientos funcionales | E89: =COUNTIF(B3:B87,"Funcional") -> 80
D90: Total requerimientos no funcionales | E90: =COUNTIF(B3:B87,"No funcional") -> 5
D91: Total general | E91: =E89+E90 -> 85

Sheet Product Backlog
A1: PRODUCT BACKLOG - HISTORIAS DE USUARIO PRIORIZADAS
A2: ID | B2: Épica | C2: Título | D2: Rol | E2: Historia de usuario | F2: Estimación (SP) | G2: Prioridad | H2: RF / RNF asociado | I2: Sprint | J2: Depende de | K2: Microservicio | L2: Método HTTP | M2: Endpoint estimado | N2: Permiso requerido (RBAC) | O2: Estado | P2: Observaciones
A3: HU-001 | B3: Autenticación y usuarios | C3: Iniciar sesión | D3: Usuario | E3: Como Usuario, quiero iniciar sesión con mis credenciales para acceder únicamente a lo que mi perfil permite. | F3: 2 | G3: Alta | H3: RF-001 | I3: SPRINT 1 | J3: Ninguna (historia base) | K3: ms-auth-catalogs | L3: POST POST GET | M3: /auth/login /auth/refrescar /auth/sesion | N3: Público / sesión | O3: Implementado | P3: Emite JWT de acceso (30 min) y de refresco (12 h).
A4: HU-002 | B4: Autenticación y usuarios | C4: Cerrar sesión | D4: Usuario | E4: Como Usuario, quiero cerrar mi sesión para evitar que otra persona use mi cuenta en un equipo compartido. | F4: 1 | G4: Media | H4: RF-002 | I4: SPRINT 1 | J4: HU-001 | K4: ms-auth-catalogs | L4: POST | M4: /auth/logout | N4: Sesión | O4: Implementado | P4: Revoca el token de acceso y el de refresco.
A5: HU-003 | B5: Autenticación y usuarios | C5: Crear usuario | D5: Administrador | E5: Como Administrador, quiero crear un usuario (nombre, correo, área y estado) para dar acceso al sistema a un nuevo integrante de la organización. | F5: 2 | G5: Alta | H5: RF-003 | I5: SPRINT 1 | J5: HU-001, HU-016 | K5: ms-auth-catalogs | L5: POST | M5: /usuarios | N5: usuarios:crear | O5: Implementado
A6: HU-004 | B6: Autenticación y usuarios | C6: Editar usuario | D6: Administrador | E6: Como Administrador, quiero editar los datos de un usuario existente (nombre, correo, área) para mantener su información actualizada. | F6: 1 | G6: Alta | H6: RF-004 | I6: SPRINT 1 | J6: HU-003 | K6: ms-auth-catalogs | L6: PUT PUT | M6: /usuarios/{id} /usuarios/{id}/clave | N6: usuarios:editar | O6: Implementado
A7: HU-005 | B7: Autenticación y usuarios | C7: Eliminar usuario | D7: Administrador | E7: Como Administrador, quiero eliminar un usuario mediante baja lógica para revocar su acceso sin perder su historial en la bitácora de auditoría. | F7: 1 | G7: Media | H7: RF-005 | I7: SPRINT 1 | J7: HU-003 | K7: ms-auth-catalogs | L7: DELETE | M7: /usuarios/{id} | N7: usuarios:eliminar | O7: Implementado | P7: Baja lógica; protege al último administrador.
A8: HU-006 | B8: Autenticación y usuarios | C8: Consultar y buscar usuarios | D8: Administrador | E8: Como Administrador, quiero consultar el listado de usuarios y filtrarlo por nombre, rol o estado para ubicar rápidamente al usuario que necesito administrar. | F8: 2 | G8: Media | H8: RF-006 | I8: SPRINT 1 | J8: HU-003 | K8: ms-auth-catalogs | L8: GET GET | M8: /usuarios?texto=&rolId=&estado=&areaId= /usuarios/{id} | N8: usuarios:consultar | O8: Implementado | P8: Paginado (pagina, tamano).
A9: HU-007 | B9: Roles y permisos | C9: Crear rol | D9: Administrador | E9: Como Administrador, quiero crear un rol (ej. Radicador, Tesorero, Gerente) para agrupar los permisos de un perfil de la organización. | F9: 1 | G9: Alta | H9: RF-007 | I9: SPRINT 1 | J9: Ninguna (historia base) | K9: ms-auth-catalogs | L9: POST | M9: /roles | N9: roles:crear | O9: Implementado
A10: HU-008 | B10: Roles y permisos | C10: Editar rol | D10: Administrador | E10: Como Administrador, quiero editar el nombre y la descripción de un rol para mantenerlo alineado con la estructura de la organización. | F10: 1 | G10: Alta | H10: RF-008 | I10: SPRINT 1 | J10: HU-007 | K10: ms-auth-catalogs | L10: PUT | M10: /roles/{id} | N10: roles:editar | O10: Implementado
A11: HU-009 | B11: Roles y permisos | C11: Eliminar rol | D11: Administrador | E11: Como Administrador, quiero eliminar un rol que ya no se use (sin usuarios asignados) para mantener limpio el catálogo de perfiles. | F11: 1 | G11: Media | H11: RF-009 | I11: SPRINT 1 | J11: HU-007 | K11: ms-auth-catalogs | L11: DELETE | M11: /roles/{id} | N11: roles:eliminar | O11: Implementado | P11: Solo roles sin usuarios asignados.
A12: HU-010 | B12: Roles y permisos | C12: Consultar roles | D12: Administrador | E12: Como Administrador, quiero consultar el listado de roles con sus permisos y usuarios asignados para tener visibilidad de quién puede hacer qué. | F12: 1 | G12: Media | H12: RF-010 | I12: SPRINT 1 | J12: HU-007 | K12: ms-auth-catalogs | L12: GET GET GET | M12: /roles /roles/{id} /roles/{id}/usuarios | N12: roles:consultar | O12: Implementado
A13: HU-011 | B13: Roles y permisos | C13: Asignar permisos a un rol | D13: Administrador | E13: Como Administrador, quiero asignar o quitar permisos sobre funcionalidades a un rol para definir con precisión lo que puede hacer cada perfil. | F13: 3 | G13: Alta | H13: RF-011 | I13: SPRINT 1 | J13: HU-007 | K13: ms-auth-catalogs | L13: GET PUT | M13: /permisos /roles/{id}/permisos | N13: roles:asignar-permisos | O13: Implementado | P13: Invalida los tokens de acceso de los usuarios del rol.
A14: HU-012 | B14: Roles y permisos | C14: Asignar roles a un usuario | D14: Administrador | E14: Como Administrador, quiero asignar o quitar uno o varios roles a un usuario para determinar su nivel de acceso en el sistema. | F14: 1 | G14: Alta | H14: RF-012 | I14: SPRINT 1 | J14: HU-003, HU-007 | K14: ms-auth-catalogs | L14: PUT | M14: /usuarios/{id}/roles | N14: usuarios:asignar-roles | O14: Implementado
A15: HU-013 | B15: Roles y permisos | C15: Restringir el acceso a funcionalidades por rol | D15: Sistema | E15: Como Sistema, quiero validar en cada solicitud los permisos del rol del usuario para impedir el acceso a funcionalidades no autorizadas. | F15: 3 | G15: Alta | H15: RF-013 | I15: SPRINT 1 | J15: HU-011, HU-012 | K15: ms-auth-catalogs | L15: — | M15: Transversal: filtro JWT + @PreAuthorize en cada endpoint | N15: — | O15: Implementado | P15: Cada microservicio valida el JWT y el permiso del endpoint.
A16: HU-014 | B16: Roles y permisos | C16: Restringir el acceso a documentos por rol | D16: Sistema | E16: Como Sistema, quiero limitar la visibilidad de los documentos según el rol y el área del usuario para proteger la información sensible. | F16: 3 | G16: Alta | H16: RF-014 | I16: SPRINT 1 | J16: HU-012, HU-016 | K16: ms-auth-catalogs | L16: GET GET | M16: /interno/usuarios/{id}/contexto-acceso /interno/usuarios/contextos | N16: Cabecera X-Servicio-Clave | O16: Implementado | P16: API interna: los demás servicios obtienen rol y área para filtrar documentos.
A17: HU-015 | B17: Radicación documental | C17: Administrar catálogo de tipos documentales | D17: Administrador | E17: Como Administrador, quiero crear, editar y desactivar los tipos documentales (Factura, Orden de compra, Contrato, etc.) para clasificar correctamente cada radicado. | F17: 1 | G17: Alta | H17: RF-015 | I17: SPRINT 2 | J17: Ninguna (historia base) | K17: ms-auth-catalogs | L17: GET POST PUT DELETE | M17: /tipos-documentales /tipos-documentales /tipos-documentales/{id} /tipos-documentales/{id} | N17: catalogos:consultar / catalogos:administrar | O17: Implementado | P17: DELETE desactiva, no borra.
A18: HU-016 | B18: Radicación documental | C18: Administrar catálogo de áreas | D18: Administrador | E18: Como Administrador, quiero crear, editar y desactivar las áreas de la organización para asignar cada documento y cada usuario al área que corresponde. | F18: 1 | G18: Alta | H18: RF-016 | I18: SPRINT 1 | J18: Ninguna (historia base) | K18: ms-auth-catalogs | L18: GET POST PUT DELETE | M18: /areas /areas /areas/{id} /areas/{id} | N18: catalogos:consultar / catalogos:administrar | O18: Implementado | P18: DELETE desactiva, no borra.
A19: HU-017 | B19: Radicación documental | C19: Registrar radicado con consecutivo único | D19: Radicador | E19: Como Radicador, quiero registrar un documento en el sistema para que se le asigne automáticamente un código de radicado único e inmutable con el formato AAAAMMDD + X + CONSECUTIVO, donde X identifica el origen del documento (1 = Interno, 2 = Externo, 3 = Recibido, 4 = No radicable). | F19: 3 | G19: Alta | H19: RF-017 | I19: SPRINT 1 | J19: HU-015, HU-016, HU-022 | K19: ms-document-management | L19: POST | M19: /radicados | N19: radicados:crear | O19: Pendiente | P19: El servidor genera el código AAAAMMDD+X+consecutivo; publica radicado.creado.
A20: HU-018 | B20: Radicación documental | C20: Clasificar el radicado por origen | D20: Radicador | E20: Como Radicador, quiero clasificar el documento como Interno, Externo, Recibido o No radicable al radicarlo, habilitando los campos correspondientes según el origen seleccionado, para identificar de dónde proviene y qué requisitos de radicación aplican. | F20: 1 | G20: Alta | H20: RF-018 | I20: SPRINT 1 | J20: HU-017 | K20: ms-document-management | L20: POST | M20: /radicados | N20: radicados:crear | O20: Pendiente | P20: Campo origen (INTERNO, EXTERNO, RECIBIDO, NO_RADICABLE); catálogo en GET /api/usuarios/catalogos/origenes.
A21: HU-019 | B21: Radicación documental | C21: Capturar metadatos obligatorios | D21: Radicador | E21: Como Radicador, quiero diligenciar los metadatos obligatorios (título, fecha, resumen, tipo documental y área encargada) para que el documento quede correctamente descrito, sin permitir guardar con campos vacíos. | F21: 2 | G21: Alta | H21: RF-019 | I21: SPRINT 1 | J21: HU-017 | K21: ms-document-management | L21: POST PUT | M21: /radicados /radicados/{id} | N21: radicados:crear | O21: Pendiente | P21: Valida obligatorios: 400 DATOS_INVALIDOS con el detalle por campo.
A22: HU-020 | B22: Radicación documental | C22: Consultar el detalle de un radicado | D22: Usuario operativo | E22: Como Usuario operativo, quiero consultar el detalle de un radicado (metadatos, anexos y estado actual) para conocer toda la información del documento. | F22: 1 | G22: Alta | H22: RF-020 | I22: SPRINT 1 | J22: HU-017 | K22: ms-document-management | L22: GET | M22: /radicados/{id} | N22: radicados:consultar (nuevo) | O22: Pendiente | P22: Incluye metadatos, anexos y estado del trámite.
A23: HU-021 | B23: Radicación documental | C23: Editar metadatos de un radicado | D23: Radicador | E23: Como Radicador, quiero editar los metadatos de un radicado sin alterar su código para corregir errores de captura. | F23: 1 | G23: Media | H23: RF-021 | I23: SPRINT 2 | J23: HU-017, HU-019 | K23: ms-document-management | L23: PATCH | M23: /radicados/{id}/metadatos | N23: radicados:editar | O23: Pendiente | P23: El código del radicado es inmutable.
A24: HU-022 | B24: Radicación documental | C24: Administrar entidades | D24: Radicador | E24: Como Radicador, quiero crear y consultar las entidades (NIT y Razón social) requeridas para radicar documentos de origen Recibido o para la generación de documentos de origen Externo. | F24: 1 | G24: Media | H24: RF-022 | I24: SPRINT 3 | J24: Ninguna (historia base) | K24: ms-auth-catalogs | L24: GET POST PUT DELETE | M24: /entidades?texto= /entidades /entidades/{id} /entidades/{id} | N24: catalogos:consultar / catalogos:administrar | O24: Implementado | P24: DELETE desactiva, no borra.
A25: HU-023 | B25: Radicación documental | C25: Listar y filtrar radicados | D25: Usuario operativo | E25: Como Usuario operativo, quiero listar los radicados y filtrarlos por código, fecha, origen, tipo documental y área para encontrar rápidamente un documento. | F25: 2 | G25: Alta | H25: RF-023 | I25: SPRINT 3 | J25: HU-017 | K25: ms-document-management | L25: GET | M25: /radicados?codigo=&desde=&hasta=&origen=&tipoId=&areaId= | N25: radicados:consultar (nuevo) | O25: Pendiente | P25: Paginado y filtrado por rol/área (HU-014).
A26: HU-024 | B26: Radicación documental | C26: Restringir la radicación de Recibidos al rol Radicador | D26: Sistema | E26: Como Sistema, quiero permitir que únicamente los usuarios con rol Radicador registren documentos cuyo origen sea Recibido para garantizar que la radicación de correspondencia externa la realice el personal autorizado. | F26: 2 | G26: Alta | H26: RF-024 | I26: SPRINT 1 | J26: HU-012, HU-018 | K26: ms-document-management | L26: POST | M26: /radicados | N26: radicados:radicar-recibido | O26: Pendiente | P26: Regla: origen RECIBIDO exige el permiso; si falta, 403.
... A32: HU-030 | B32: Archivo y Expediente | C32: Crear estructura de carpetas por Área | D32: Administrador | E32: Como Administrador, quiero crear y organizar las carpetas principales del expediente asociadas a cada área de la empresa para estructurar el archivo institucional por área. | F32: 2 | G32: Alta | H32: RF-030 | I32: SPRINT 3 | J32: HU-016 | K32: ms-document-management | L32: POST GET | M32: /carpetas /carpetas?areaId= | N32: expediente:administrar (nuevo) | O32: Pendiente | P32: Una carpeta raíz por área.
A33: HU-031 | B33: Archivo y Expediente | C33: Crear subcarpetas por Tipo de Expediente | D33: Administrador | E33: Como Administrador, quiero crear subcarpetas temáticas dentro de la carpeta de un área para clasificar los documentos del expediente según su tipo. | F33: 2 | G33: Alta | H33: RF-031 | I33: SPRINT 3 | J33: HU-030 | K33: ms-document-management | L33: POST | M33: /carpetas/{id}/subcarpetas | N33: expediente:administrar (nuevo) | O33: Pendiente
A34: HU-032 | B34: Archivo y Expediente | C34: Consultar Expediente Central | D34: Usuario operativo | E34: Como Usuario operativo, quiero visualizar el expediente central en una vista de árbol con sus carpetas y documentos originales almacenados para ubicar y consultar rápidamente cualquier documento archivado. | F34: 3 | G34: Alta | H34: RF-032 | I34: SPRINT 3 | J34: HU-030, HU-031 | K34: ms-document-management | L34: GET GET | M34: /expediente/arbol /carpetas/{id}/documentos | N34: expediente:ver | O34: Pendiente
A35: HU-033 | B35: Archivo y Expediente | C35: Restringir acceso al Expediente por Rol (RBAC) | D35: Sistema | E35: Como Sistema, quiero filtrar la visibilidad de las carpetas y subcarpetas del expediente según los permisos del rol del usuario para proteger la información de cada área. | F35: 2 | G35: Alta | H35: RF-033 | I35: SPRINT 3 | J35: HU-012, HU-032 | K35: ms-document-management | L35: GET | M35: /expediente/arbol | N35: expediente:ver | O35: Pendiente | P35: Regla: filtra carpetas con el contexto de /interno/usuarios/{id}/contexto-acceso.
A36: HU-034 | B36: Archivo y Expediente | C36: Cargar documento directo al Expediente (No radicable) | D36: Radicador | E36: Como Radicador, quiero subir un documento de origen No radicable directamente a una subcarpeta del expediente, asignándole su consecutivo correspondiente, para archivar soportes que no requieren trámite de flujo. | F36: 2 | G36: Media | H36: RF-034 | I36: SPRINT 3 | J36: HU-017, HU-031 | K36: ms-document-management | L36: POST | M36: /carpetas/{id}/documentos | N36: expediente:cargar (nuevo) | O36: Pendiente | P36: Documento No radicable con consecutivo propio de la carpeta.
A37: HU-035 | B37: Plantillas y Generación Documental | C37: Cargar plantilla con variables | D37: Administrador | E37: Como Administrador, quiero subir un archivo de plantilla al sistema y definir sus etiquetas o variables dinámicas para reutilizarlo en la generación de documentos. | F37: 3 | G37: Alta | H37: RF-035 | I37: SPRINT 3 | J37: Ninguna (historia base) | K37: ms-document-management | L37: POST GET PUT | M37: /plantillas /plantillas /plantillas/{id}/variables | N37: plantillas:administrar (nuevo) | O37: Pendiente | P37: Plantilla DOCX guardada en MinIO.
A38: HU-036 | B38: Plantillas y Generación Documental | C38: Asociar plantilla a tipo de origen | D38: Administrador | E38: Como Administrador, quiero vincular una plantilla únicamente a los orígenes Interno o Externo para que solo esté disponible en los trámites correspondientes. | F38: 1 | G38: Media | H38: RF-036 | I38: SPRINT 3 | J38: HU-035, HU-018 | K38: ms-document-management | L38: PUT | M38: /plantillas/{id}/origenes | N38: plantillas:administrar (nuevo) | O38: Pendiente | P38: Solo orígenes INTERNO y EXTERNO.
A39: HU-037 | B39: Plantillas y Generación Documental | C39: Renderizar datos en plantilla | D39: Radicador | E39: Como Radicador, quiero que el sistema reemplace automáticamente las variables de la plantilla elegida con los metadatos que ingreso para generar el documento sin diligenciarlo manualmente. | F39: 3 | G39: Alta | H39: RF-037 | I39: SPRINT 3 | J39: HU-019, HU-035, HU-036 | K39: ms-document-management | L39: POST | M39: /plantillas/{id}/render | N39: plantillas:usar (nuevo) | O39: Pendiente | P39: Cuerpo: radicadoId; devuelve vista previa con las variables reemplazadas.
A40: HU-038 | B40: Plantillas y Generación Documental | C40: Generar y exportar PDF desde plantilla | D40: Radicador | E40: Como Radicador, quiero convertir el documento renderizado en un archivo PDF final para dejarlo listo y radicarlo en el sistema. | F40: 2 | G40: Alta | H40: RF-038 | I40: SPRINT 3 | J40: HU-037 | K40: ms-document-management | L40: POST GET | M40: /radicados/{id}/pdf /radicados/{id}/pdf | N40: plantillas:usar (nuevo) | O40: Pendiente | P40: Genera el PDF final y lo guarda como anexo.
A41: HU-039 | B41: Orígenes y Manejo de Copias | C41: Capturar metadatos extendidos | D41: Radicador | E41: Como Radicador, quiero registrar metadatos extendidos (NIT, Entidad, Área, Nombre de carpeta y Comentarios) al radicar un documento para complementar la información base según el tipo de trámite. | F41: 2 | G41: Alta | H41: RF-039 | I41: SPRINT 3 | J41: HU-019, HU-022 | K41: ms-document-management | L41: PUT | M41: /radicados/{id}/metadatos-extendidos | N41: radicados:editar | O41: Pendiente | P41: NIT/entidad, área, carpeta y comentarios.
A42: HU-040 | B42: Orígenes y Manejo de Copias | C42: Clasificar documento por Clase (Original/Copia) | D42: Radicador | E42: Como Radicador, quiero asignar el atributo de Clase (Original o Copia) a cada documento para diferenciar la pieza principal del trámite de sus duplicados. | F42: 1 | G42: Alta | H42: RF-040 | I42: SPRINT 3 | J42: HU-017 | K42: ms-document-management | L42: PATCH | M42: /radicados/{id}/clase | N42: radicados:clase | O42: Pendiente | P42: ORIGINAL o COPIA.
A43: HU-041 | B43: Orígenes y Manejo de Copias | C43: Enviar copias informativas a múltiples usuarios | D43: Radicador | E43: Como Radicador, quiero seleccionar uno o varios destinatarios para enviarles un duplicado (Clase = Copia) de un documento para mantenerlos informados sin alterar el trámite original. | F43: 2 | G43: Media | H43: RF-041 | I43: SPRINT 3 | J43: HU-040, HU-003 | K43: ms-document-management | L43: POST | M43: /radicados/{id}/copias | N43: radicados:editar | O43: Pendiente | P43: Cuerpo: destinatarios[]; publica copia.enviada.
A44: HU-042 | B44: Orígenes y Manejo de Copias | C44: Visualizar copias en bandeja secundaria | D44: Usuario operativo | E44: Como Usuario operativo, quiero ver las copias que he recibido en una sección separada de mi bandeja de entrada para consultarlas sin bloquear el avance del radicado original. | F44: 2 | G44: Media | H44: RF-042 | I44: SPRINT 3 | J44: HU-041 | K44: ms-document-management | L44: GET PATCH | M44: /copias/recibidas /copias/{id}/leida | N44: Sesión (solo las propias) | O44: Pendiente
A45: HU-043 | B45: Bitácora y auditoría | C45: Registrar eventos en la bitácora | D45: Sistema | E45: Como Sistema, quiero registrar en la bitácora cada acción realizada sobre un documento (quién, qué y fecha/hora) para garantizar la trazabilidad completa. | F45: 3 | G45: Media | H45: RF-043 | I45: SPRINT 3 | J45: HU-001 | K45: ms-audit-infra | L45: AMQP | M45: Consume la cola audit.infrastructure (exchange neptuno.eventos) | N45: — | O45: Pendiente | P45: Los demás servicios publican con patrón outbox (ya lo hace ms-auth-catalogs).
A46: HU-044 | B46: Bitácora y auditoría | C46: Garantizar la inalterabilidad de la bitácora | D46: Sistema | E46: Como Sistema, quiero impedir que los registros de la bitácora se modifiquen o eliminen para asegurar su valor probatorio. | F46: 2 | G46: Media | H46: RF-044 | I46: SPRINT 1 | J46: HU-043 | K46: ms-audit-infra | L46: GET | M46: /bitacora/verificacion | N46: bitacora:consultar | O46: Pendiente | P46: Regla: sin PUT ni DELETE; registros encadenados por hash.
A47: HU-045 | B47: Bitácora y auditoría | C47: Registrar cambios de estado y observaciones | D47: Sistema | E47: Como Sistema, quiero registrar cada cambio de estado del documento junto con las observaciones del responsable para saber quién aprobó, rechazó o devolvió y por qué. | F47: 1 | G47: Media | H47: RF-045 | I47: SPRINT 1 | J47: HU-043 | K47: ms-audit-infra | L47: AMQP | M47: Consume tramite.estado-cambiado | N47: — | O47: Pendiente | P47: Guarda estado anterior, nuevo y observación del responsable.
A48: HU-046 | B48: Bitácora y auditoría | C48: Consultar el historial de un documento | D48: Auditor | E48: Como Auditor, quiero consultar el historial completo de un documento en orden cronológico para reconstruir todo su recorrido. | F48: 2 | G48: Media | H48: RF-046 | I48: SPRINT 2 | J48: HU-043 | K48: ms-audit-infra | L48: GET | M48: /bitacora/documentos/{radicadoId} | N48: bitacora:consultar | O48: Pendiente | P48: Orden cronológico.
A49: HU-047 | B49: Bitácora y auditoría | C49: Filtrar la bitácora por usuario, fecha y acción | D49: Auditor | E49: Como Auditor, quiero filtrar la bitácora por usuario, rango de fechas y tipo de acción para investigar eventos específicos. | F49: 1 | G49: Baja | H49: RF-047 | I49: SPRINT 3 | J49: HU-043, HU-046 | K49: ms-audit-infra | L49: GET | M49: /bitacora?usuarioId=&desde=&hasta=&accion= | N49: bitacora:filtrar | O49: Pendiente | P49: Paginado.
A50: HU-048 | B50: Diseñador de flujos | C50: Crear un flujo de trabajo | D50: Administrador | E50: Como Administrador, quiero crear un flujo de trabajo (nombre y descripción) para definir un nuevo circuito de aprobación de documentos. | F50: 1 | G50: Alta | H50: RF-048 | I50: SPRINT 3 | J50: Ninguna (historia base) | K50: ms-workflow-bpm | L50: POST | M50: /flujos | N50: flujos:administrar (nuevo) | O50: Pendiente
A51: HU-049 | B51: Diseñador de flujos | C51: Editar un flujo de trabajo | D51: Administrador | E51: Como Administrador, quiero editar los datos generales de un flujo (nombre y descripción) para mantenerlo actualizado, usuarios responsables | F51: 1 | G51: Alta | H51: RF-049 | I51: SPRINT 2 | J51: HU-048 | K51: ms-workflow-bpm | L51: PUT | M51: /flujos/{id} | N51: flujos:administrar (nuevo) | O51: Pendiente
A52: HU-050 | B52: Diseñador de flujos | C52: Desactivar un flujo de trabajo | D52: Administrador | E52: Como Administrador, quiero eliminar (archivar) un flujo que no tenga documentos en tránsito para retirar circuitos obsoletos sin afectar trámites en curso. | F52: 1 | G52: Media | H52: RF-050 | I52: SPRINT 2 | J52: HU-048 | K52: ms-workflow-bpm | L52: PATCH | M52: /flujos/{id}/desactivar | N52: flujos:administrar (nuevo) | O52: Pendiente | P52: 409 si tiene trámites en curso.
A53: HU-051 | B53: Diseñador de flujos | C53: Consultar los flujos de trabajo | D53: Administrador | E53: Como Administrador, quiero consultar el listado de flujos con su estado (borrador, activo o archivado) para gestionarlos desde un solo lugar. | F53: 1 | G53: Alta | H53: RF-051 | I53: SPRINT 3 | J53: HU-048 | K53: ms-workflow-bpm | L53: GET GET | M53: /flujos?estado= /flujos/{id} | N53: flujos:administrar (nuevo) | O53: Pendiente
A54: HU-052 | B54: Diseñador de flujos | C54: Visualizar el flujo en un lienzo gráfico | D54: Administrador | E54: Como Administrador, quiero ver el flujo en un lienzo gráfico con sus estados y transiciones para entender de un vistazo cómo circula un documento. | F54: 5 | G54: Alta | H54: RF-052 | I54: SPRINT 2 | J54: HU-048 | K54: ms-workflow-bpm | L54: GET | M54: /flujos/{id}/grafo | N54: flujos:administrar (nuevo) | O54: Pendiente | P54: Devuelve estados, transiciones y posiciones para el lienzo.
A55: HU-053 | B55: Diseñador de flujos | C55: Crear un estado | D55: Administrador | E55: Como Administrador, quiero agregar un estado (paso) al flujo desde el lienzo para definir una etapa del trámite. | F55: 1 | G55: Alta | H55: RF-053 | I55: SPRINT 2 | J55: HU-048 | K55: ms-workflow-bpm | L55: POST | M55: /flujos/{id}/estados | N55: flujos:administrar (nuevo) | O55: Pendiente
A56: HU-054 | B56: Diseñador de flujos | C56: Editar un estado | D56: Administrador | E56: Como Administrador, quiero editar el nombre y la descripción de un estado para ajustar las etapas del trámite. | F56: 1 | G56: Alta | H56: RF-054 | I56: SPRINT 2 | J56: HU-053 | K56: ms-workflow-bpm | L56: PUT | M56: /flujos/{id}/estados/{estadoId} | N56: flujos:administrar (nuevo) | O56: Pendiente
A57: HU-055 | B57: Diseñador de flujos | C57: Definir estado inicial y estados finales | D57: Administrador | E57: Como Administrador, quiero marcar el estado inicial y los estados finales del flujo para que el sistema sepa dónde inicia y dónde termina un trámite. | F57: 1 | G57: Alta | H57: RF-055 | I57: SPRINT 2 | J57: HU-053 | K57: ms-workflow-bpm | L57: PATCH | M57: /flujos/{id}/estados/{estadoId}/tipo | N57: flujos:administrar (nuevo) | O57: Pendiente | P57: INICIAL, INTERMEDIO o FINAL; un solo inicial.
A58: HU-056 | B58: Diseñador de flujos | C58: Crear una transición | D58: Administrador | E58: Como Administrador, quiero crear una transición entre dos estados indicando la acción permitida (Aprobar, Rechazar o Devolver) y el estado de destino para controlar el ciclo de vida del trámite. | F58: 3 | G58: Alta | H58: RF-056 | I58: SPRINT 3 | J58: HU-053 | K58: ms-workflow-bpm | L58: POST | M58: /flujos/{id}/transiciones | N58: flujos:administrar (nuevo) | O58: Pendiente | P58: Acción + estado origen + estado destino.
A59: HU-057 | B59: Diseñador de flujos | C59: Editar una transición | D59: Administrador | E59: Como Administrador, quiero editar la acción y el estado de destino de una transición para corregir o ajustar el recorrido del documento. | F59: 1 | G59: Media | H59: RF-057 | I59: SPRINT 2 | J59: HU-056 | K59: ms-workflow-bpm | L59: PUT | M59: /flujos/{id}/transiciones/{transicionId} | N59: flujos:administrar (nuevo) | O59: Pendiente
A60: HU-058 | B60: Diseñador de flujos | C60: Eliminar una transición | D60: Administrador | E60: Como Administrador, quiero eliminar una transición que ya no aplique para depurar el recorrido del documento. | F60: 1 | G60: Media | H60: RF-058 | I60: SPRINT 2 | J60: HU-056 | K60: ms-workflow-bpm | L60: DELETE | M60: /flujos/{id}/transiciones/{transicionId} | N60: flujos:administrar (nuevo) | O60: Pendiente
A61: HU-059 | B61: Diseñador de flujos | C61: Asignar roles o áreas a un estado | D61: Administrador | E61: Como Administrador, quiero asociar uno o más roles o áreas (ej. Radicador, Contabilidad, Gerencia) a un estado del flujo para que las tareas se asignen automáticamente a los perfiles correctos. | F61: 2 | G61: Alta | H61: RF-059 | I61: SPRINT 3 | J61: HU-053, HU-007, HU-016 | K61: ms-workflow-bpm | L61: POST | M61: /flujos/{id}/estados/{estadoId}/responsables | N61: flujos:administrar (nuevo) | O61: Pendiente | P61: Roles y áreas validados contra ms-auth-catalogs.
A62: HU-060 | B62: Diseñador de flujos | C62: Quitar roles o áreas de un estado | D62: Administrador | E62: Como Administrador, quiero quitar un rol o área asignado a un estado para reasignar la responsabilidad cuando cambie la organización. | F62: 1 | G62: Media | H62: RF-060 | I62: SPRINT 3 | J62: HU-059 | K62: ms-workflow-bpm | L62: DELETE | M62: /flujos/{id}/estados/{estadoId}/responsables/{responsableId} | N62: flujos:administrar (nuevo) | O62: Pendiente
A63: HU-061 | B63: Diseñador de flujos | C63: Publicar un flujo | D63: Administrador | E63: Como Administrador, quiero publicar un flujo validando que esté completo (estado inicial, estados finales y sin pasos aislados) para habilitarlo en la operación sin errores de configuración. | F63: 2 | G63: Alta | H63: RF-061 | I63: SPRINT 2 | J63: HU-055, HU-056, HU-059 | K63: ms-workflow-bpm | L63: POST | M63: /flujos/{id}/publicar | N63: flujos:administrar (nuevo) | O63: Pendiente | P63: Valida que el flujo esté completo; si no, 422 con la lista de errores.
A64: HU-062 | B64: Bandeja y ejecución de tareas | C64: Iniciar el trámite de un radicado en un flujo | D64: Radicador | E64: Como Radicador, quiero enviar un radicado a un flujo de trabajo activo para iniciar su recorrido de aprobación. | F64: 2 | G64: Alta | H64: RF-062 | I64: SPRINT 3 | J64: HU-017, HU-061 | K64: ms-workflow-bpm | L64: POST | M64: /tramites | N64: flujo:iniciar | O64: Pendiente | P64: Cuerpo: radicadoId y flujoId; publica tramite.iniciado.
A65: HU-063 | B65: Bandeja y ejecución de tareas | C65: Ver la bandeja de tareas pendientes | D65: Usuario operativo | E65: Como Usuario operativo, quiero ver una bandeja con los documentos pendientes de mi rol o área para saber qué debo procesar. | F65: 3 | G65: Alta | H65: RF-063 | I65: SPRINT 2 | J65: HU-059, HU-062 | K65: ms-workflow-bpm | L65: GET | M65: /tareas/pendientes | N65: Sesión (rol y área del usuario) | O65: Pendiente
A66: HU-064 | B66: Bandeja y ejecución de tareas | C66: Filtrar y ordenar la bandeja | D66: Usuario operativo | E66: Como Usuario operativo, quiero filtrar y ordenar mi bandeja por fecha, tipo documental y origen para priorizar mi trabajo. | F66: 1 | G66: Media | H66: RF-064 | I66: SPRINT 2 | J66: HU-063 | K66: ms-workflow-bpm | L66: GET | M66: /tareas/pendientes?orden=&tipoId=&origen=&desde=&hasta= | N66: Sesión (rol y área del usuario) | O66: Pendiente
A67: HU-065 | B67: Bandeja y ejecución de tareas | C67: Abrir un documento desde la bandeja | D67: Usuario operativo | E67: Como Usuario operativo, quiero abrir una tarea para ver los metadatos y anexos del documento antes de decidir. | F67: 1 | G67: Alta | H67: RF-065 | I67: SPRINT 2 | J67: HU-063 | K67: ms-workflow-bpm | L67: GET | M67: /tareas/{id} | N67: Sesión (rol y área del usuario) | O67: Pendiente | P67: Compone el detalle con GET /api/documentos/radicados/{id}.
A68: HU-066 | B68: Bandeja y ejecución de tareas | C68: Aprobar un documento | D68: Usuario operativo | E68: Como Usuario operativo, quiero aprobar un documento para que avance al siguiente estado del flujo. | F68: 2 | G68: Alta | H68: RF-066 | I68: SPRINT 2 | J68: HU-056, HU-065 | K68: ms-workflow-bpm | L68: POST | M68: /tareas/{id}/aprobar | N68: flujo:aprobar | O68: Pendiente | P68: Avanza por la transición; publica tramite.estado-cambiado.
A69: HU-067 | B69: Bandeja y ejecución de tareas | C69: Cancelar un documento | D69: Usuario operativo | E69: Como Usuario operativo, quiero rechazar un documento indicando una observación obligatoria para que quede claro el motivo del rechazo. | F69: 1 | G69: Alta | H69: RF-067 | I69: SPRINT 3 | J69: HU-056, HU-065 | K69: ms-workflow-bpm | L69: POST | M69: /tareas/{id}/cancelar | N69: flujo:rechazar | O69: Pendiente | P69: Observación obligatoria.
A70: HU-068 | B70: Bandeja y ejecución de tareas | C70: Devolver un documento al estado anterior | D70: Usuario operativo | E70: Como Usuario operativo, quiero devolver un documento al estado anterior con observaciones para que se corrijan las inconsistencias encontradas. | F70: 1 | G70: Alta | H70: RF-068 | I70: SPRINT 2 | J70: HU-056, HU-065 | K70: ms-workflow-bpm | L70: POST | M70: /tareas/{id}/devolver | N70: flujo:rechazar | O70: Pendiente | P70: Vuelve al estado anterior con observación.
A71: HU-069 | B71: Control y Tiempos de Flujo (BPM) | C71: Asignar responsable a un paso (Usuario/Grupo/Rol) | D71: Administrador | E71: Como Administrador, quiero configurar en el diseñador si un nodo del flujo será atendido por una persona, un grupo o un rol para adaptar la asignación de tareas a la estructura del área responsable. | F71: 2 | G71: Alta | H71: RF-069 | I71: SPRINT 4 | J71: HU-053, HU-059 | K71: ms-workflow-bpm | L71: PUT | M71: /flujos/{id}/estados/{estadoId}/responsable | N71: flujos:administrar (nuevo) | O71: Pendiente | P71: Tipo USUARIO, GRUPO o ROL.
A72: HU-070 | B72: Control y Tiempos de Flujo (BPM) | C72: Tomar tarea de un grupo/rol (Claim) | D72: Usuario operativo | E72: Como Usuario operativo, quiero tomar la responsabilidad de un documento en cola para asignármelo a mí mismo de forma exclusiva y evitar que otro integrante del área lo procese simultáneamente. | F72: 2 | G72: Alta | H72: RF-070 | I72: SPRINT 4 | J72: HU-063, HU-069 | K72: ms-workflow-bpm | L72: POST POST | M72: /tareas/{id}/tomar /tareas/{id}/liberar | N72: Sesión (rol y área del paso) | O72: Pendiente | P72: 409 si otro usuario ya la tomó.
A73: HU-071 | B73: Control y Tiempos de Flujo (BPM) | C73: Bloquear tenencia única del Original | D73: Sistema | E73: Como Sistema, quiero impedir que más de un usuario tenga en posesión o edite el documento original mientras esté en un paso del flujo para evitar ediciones simultáneas o pérdida de información. | F73: 2 | G73: Alta | H73: RF-071 | I73: SPRINT 4 | J73: HU-062, HU-070 | K73: ms-workflow-bpm | L73: POST | M73: /tareas/{id}/tomar | N73: Sesión (rol y área del paso) | O73: Pendiente | P73: Regla: tenencia única del Original con bloqueo optimista (versión).
A74: HU-072 | B74: Control y Tiempos de Flujo (BPM) | C74: Configurar tiempo límite general del flujo | D74: Administrador | E74: Como Administrador, quiero definir la duración máxima global (en horas o días) para completar todo el trámite de un flujo para establecer el tiempo esperado de respuesta institucional. | F74: 1 | G74: Media | H74: RF-072 | I74: SPRINT 4 | J74: HU-048 | K74: ms-workflow-bpm | L74: PUT | M74: /flujos/{id}/sla | N74: flujos:administrar (nuevo) | O74: Pendiente | P74: Duración máxima del trámite completo.
A75: HU-073 | B75: Control y Tiempos de Flujo (BPM) | C75: Configurar tiempo límite por paso | D75: Administrador | E75: Como Administrador, quiero definir la duración máxima permitida para resolver un nodo específico del flujo para controlar los tiempos de cada área dentro del trámite. | F75: 1 | G75: Media | H75: RF-073 | I75: SPRINT 4 | J75: HU-053 | K75: ms-workflow-bpm | L75: PUT | M75: /flujos/{id}/estados/{estadoId}/sla | N75: flujos:administrar (nuevo) | O75: Pendiente | P75: Duración máxima de cada paso.
A76: HU-074 | B76: Control y Tiempos de Flujo (BPM) | C76: Visualizar alertas de vencimiento (SLA) | D76: Usuario operativo | E76: Como Usuario operativo, quiero ver indicadores de color (verde, amarillo, rojo) en mi bandeja de tareas según el tiempo restante para priorizar los documentos próximos a vencer. | F76: 2 | G76: Alta | H76: RF-074 | I76: SPRINT 4 | J76: HU-063, HU-072, HU-073 | K76: ms-workflow-bpm | L76: GET GET | M76: /tareas/pendientes /tareas/vencidas | N76: Sesión (rol y área del usuario) | O76: Pendiente | P76: Cada tarea trae el campo semaforo: VERDE, AMARILLO o ROJO.
A77: HU-075 | B77: Firma electrónica | C77: Aplicar firma electrónica a un documento | D77: Gerente / Aprobador | E77: Como Gerente / Aprobador, quiero aplicar mi firma digital/electrónica a un documento autorizado para formalizar la aprobación ejecutiva (ej. contratos y órdenes de compra). | F77: 5 | G77: Media | H77: RF-075 | I77: SPRINT 2 | J77: HU-066, HU-076 | K77: ms-workflow-bpm | L77: POST | M77: /tareas/{id}/firmar | N77: firma:aplicar | O77: Pendiente | P77: Publica documento.firmado.
A78: HU-076 | B78: Firma electrónica | C78: Configurar los estados que requieren firma | D78: Administrador | E78: Como Administrador, quiero marcar en el flujo los estados que exigen firma para que la aprobación no se complete sin ella. | F78: 1 | G78: Media | H78: RF-076 | I78: SPRINT 2 | J78: HU-053 | K78: ms-workflow-bpm | L78: PATCH | M78: /flujos/{id}/estados/{estadoId}/requiere-firma | N78: flujos:administrar (nuevo) | O78: Pendiente
A79: HU-077 | B79: Firma electrónica | C79: Visualizar las firmas de un documento | D79: Usuario | E79: Como Usuario, quiero ver quién firmó un documento y cuándo lo hizo para verificar que la aprobación fue formalizada. | F79: 1 | G79: Media | H79: RF-077 | I79: SPRINT 2 | J79: HU-075 | K79: ms-workflow-bpm | L79: GET | M79: /tramites/{id}/firmas | N79: Sesión | O79: Pendiente | P79: Quién firmó y cuándo.
A80: HU-078 | B80: Versionamiento de flujos | C80: Crear una nueva versión de un flujo activo | D80: Administrador | E80: Como Administrador, quiero crear una nueva versión de un flujo activo para introducir cambios sin modificar el flujo que está en operación. | F80: 3 | G80: Baja | H80: RF-078 | I80: SPRINT 4 | J80: HU-061 | K80: ms-workflow-bpm | L80: POST | M80: /flujos/{id}/versiones | N80: flujos:administrar (nuevo) | O80: Pendiente
A81: HU-079 | B81: Versionamiento de flujos | C81: Mantener los trámites en curso en su versión original | D81: Sistema | E81: Como Sistema, quiero que los documentos en tránsito continúen con la versión del flujo con la que iniciaron para mantener la retrocompatibilidad operativa. | F81: 3 | G81: Baja | H81: RF-079 | I81: SPRINT 4 | J81: HU-062, HU-078 | K81: ms-workflow-bpm | L81: — | M81: Regla del motor (sin endpoint propio) | N81: — | O81: Pendiente | P81: Cada trámite guarda flujoVersionId y sigue esa versión.
A82: HU-080 | B82: Versionamiento de flujos | C82: Consultar el historial de versiones de un flujo | D82: Administrador | E82: Como Administrador, quiero consultar las versiones de un flujo con su fecha y autor para saber qué cambió y cuál está vigente. | F82: 1 | G82: Baja | H82: RF-080 | I82: SPRINT 4 | J82: HU-078 | K82: ms-workflow-bpm | L82: GET | M82: /flujos/{id}/versiones | N82: flujos:administrar (nuevo) | O82: Pendiente | P82: Fecha y autor de cada versión.
A83: HU-081 | B83: Requerimientos no funcionales | C83: Configurar copias de seguridad periódicas | D83: Administrador | E83: Como Administrador, quiero configurar copias de seguridad periódicas de documentos y bitácora para garantizar su integridad ante fallas. | F83: 2 | G83: Media | H83: RF-081 | I83: SPRINT 4 | J83: Ninguna (historia base) | K83: ms-audit-infra | L83: GET PUT | M83: /respaldos /respaldos/programacion | N83: respaldos:administrar (nuevo) | O83: Pendiente
A84: HU-082 | B84: Requerimientos no funcionales | C84: Restaurar información desde una copia de seguridad | D84: Administrador | E84: Como Administrador, quiero restaurar documentos y bitácora desde una copia de seguridad para recuperar el servicio tras una falla. | F84: 1 | G84: Media | H84: RF-082 | I84: SPRINT 4 | J84: HU-081 | K84: ms-audit-infra | L84: POST | M84: /respaldos/{id}/restaurar | N84: respaldos:administrar (nuevo) | O84: Pendiente | P84: Requiere confirmación; queda en la bitácora.
A85: HU-083 | B85: Requerimientos no funcionales | C85: Adaptar consulta y aprobación a dispositivos móviles | D85: Gerente / Aprobador | E85: Como Gerente / Aprobador, quiero consultar y aprobar documentos desde mi celular para no depender de un equipo de escritorio. | F85: 3 | G85: Media | H85: RF-083 | I85: SPRINT 4 | J85: HU-063, HU-066 | K85: ms-workflow-bpm | L85: — | M85: Frontend responsive (sin endpoint propio) | N85: — | O85: Pendiente | P85: Reutiliza GET /tareas/pendientes y POST /tareas/{id}/aprobar.
A86: HU-084 | B86: Requerimientos no funcionales | C86: Verificar los tiempos de respuesta | D86: Equipo de desarrollo | E86: Como Equipo de desarrollo, quiero medir y optimizar la carga de la interfaz y la transición de estados para cumplir el límite de 2 segundos. | F86: 2 | G86: Media | H86: RF-084 | I86: SPRINT 4 | J86: Transversal | K86: ms-audit-infra | L86: GET | M86: /metricas | N86: Interno (monitoreo) | O86: Pendiente | P86: Métricas Prometheus de cada servicio; objetivo p95 < 2 s.
A87: HU-085 | B87: Requerimientos no funcionales | C87: Verificar la concurrencia de usuarios | D87: Equipo de desarrollo | E87: Como Equipo de desarrollo, quiero ejecutar pruebas de carga con el número mínimo de usuarios concurrentes (N por definir) para confirmar que no hay degradación del rendimiento. | F87: 2 | G87: Media | H87: RF-085 | I87: SPRINT 4 | J87: Transversal | K87: ms-audit-infra | L87: — | M87: Prueba de carga (k6 / Gatling), sin endpoint propio | N87: — | O87: Pendiente | P87: Ejecuta N usuarios concurrentes contra los endpoints críticos.
E89: Total Story Points del backlog | F89: =SUM(F3:F87) -> 147
E90: Story Points de prioridad Alta | F90: =SUMIF(G3:G87,"Alta",F3:F87) -> 90
E91: Story Points de prioridad Media | F91: =SUMIF(G3:G87,"Media",F3:F87) -> 49
E92: Story Points de prioridad Baja | F92: =SUMIF(G3:G87,"Baja",F3:F87) -> 8
E93: Total historias de usuario | F93: =COUNTA(A3:A87) -> 85

Sheet Microservicios
A1: DISTRIBUCIÓN DE HISTORIAS POR MICROSERVICIO
A2: Microservicio | B2: Dominio / responsabilidad | C2: Tecnología | D2: Base de datos | E2: Prefijo de la API | F2: Historias (HU) | G2: Story Points | H2: HU implementadas | I2: % implementado
A3: ms-auth-catalogs | B3: Autenticación, Seguridad y Datos Maestros | C3: Java 21 · Spring Boot | D3: auth_catalogs_db | E3: /api/usuarios | F3: =COUNTIF('Product Backlog'!$K$3:$K$87,$A3) -> 17 | G3: =SUMIF('Product Backlog'!$K$3:$K$87,$A3,'Product Backlog'!$F$3:$F$87) -> 26 | H3: =COUNTIFS('Product Backlog'!$K$3:$K$87,$A3,'Product Backlog'!$O$3:$O$87,"Implementado") -> 17 | I3: =IF(F3=0,0,H3/F3) -> 1
A4: ms-document-management | B4: Gestión Documental, Radicación y Archivo | C4: Node.js · Express | D4: document_management_db | E4: /api/documentos | F4: =COUNTIF('Product Backlog'!$K$3:$K$87,$A4) -> 25 | G4: =SUMIF('Product Backlog'!$K$3:$K$87,$A4,'Product Backlog'!$F$3:$F$87) -> 45 | H4: =COUNTIFS('Product Backlog'!$K$3:$K$87,$A4,'Product Backlog'!$O$3:$O$87,"Implementado") -> 0 | I4: =IF(F4=0,0,H4/F4) -> 0
A5: ms-workflow-bpm | B5: Motor BPM y Bandeja de Tareas | C5: Node.js · NestJS | D5: workflow_bpm_db | E5: /api/flujos | F5: =COUNTIF('Product Backlog'!$K$3:$K$87,$A5) -> 34 | G5: =SUMIF('Product Backlog'!$K$3:$K$87,$A5,'Product Backlog'!$F$3:$F$87) -> 60 | H5: =COUNTIFS('Product Backlog'!$K$3:$K$87,$A5,'Product Backlog'!$O$3:$O$87,"Implementado") -> 0 | I5: =IF(F5=0,0,H5/F5) -> 0
A6: ms-audit-infra | B6: Bitácora Transversal y Requerimientos No Funcionales | C6: Go | D6: audit_infra_db | E6: /api/auditoria | F6: =COUNTIF('Product Backlog'!$K$3:$K$87,$A6) -> 9 | G6: =SUMIF('Product Backlog'!$K$3:$K$87,$A6,'Product Backlog'!$F$3:$F$87) -> 16 | H6: =COUNTIFS('Product Backlog'!$K$3:$K$87,$A6,'Product Backlog'!$O$3:$O$87,"Implementado") -> 0 | I6: =IF(F6=0,0,H6/F6) -> 0
A7: Total | F7: =SUM(F3:F6) -> 85 | G7: =SUM(G3:G6) -> 147 | H7: =SUM(H3:H6) -> 17 | I7: =IF(F7=0,0,H7/F7) -> 0.2
A9: Notas
A10: Fuente de la asignación: documento Neptuno_Proyecto.docx, sección "Arquitectura de Microservicios y Distribución" (17 + 25 + 34 + 9 = 85 HU).
A11: Los endpoints de la hoja Product Backlog son estimaciones y se escriben relativos al prefijo de su microservicio: p. ej. POST /radicados = POST /api/documentos/radicados.
A12: Los de ms-auth-catalogs (estado Implementado) son los reales del código en servicio-usuarios/.
A13: Un permiso marcado "(nuevo)" todavía no existe en el catálogo de ms-auth-catalogs y habría que agregarlo a CatalogoPermisos.
A14: AMQP = la historia se resuelve consumiendo eventos de RabbitMQ, no con un endpoint REST. "—" = regla transversal o requisito sin endpoint propio.

Sheet Sprints
A1: PLANTEAMIENTO INICIAL DE SPRINTS - 4 SPRINTS DE 2 SEMANAS
A2: Sprint | B2: Objetivo del sprint | C2: Historia / Actividad | D2: Descripción | E2: SP
A3: SPRINT 1 | B3: Arquitectura base, RBAC y radicación básica Disponer del núcleo del sistema (base de datos, seguridad y control de acceso) y permitir la radicación de documentos con sus metadatos base y anexos, aplicando el formato de radicado AAAAMMDD+X+consecutivo y la restricción de que solo los Radicadores radiquen documentos Recibidos, dejando lista la bitácora de auditoría. | C3: HU-001 | D3: {=INDEX('Product Backlog'!$C$3:$C$87,MATCH($C3,'Product Backlog'!$A$3:$A$87,0))} -> Iniciar sesión | E3: {=INDEX('Product Backlog'!$F$3:$F$87,MATCH($C3,'Product Backlog'!$A$3:$A$87,0))} -> 2
C4: HU-002 | D4: {=INDEX('Product Backlog'!$C$3:$C$87,MATCH($C4,'Product Backlog'!$A$3:$A$87,0))} -> Cerrar sesión | E4: {=INDEX('Product Backlog'!$F$3:$F$87,MATCH($C4,'Product Backlog'!$A$3:$A$87,0))} -> 1
C5: HU-003 | D5: {=INDEX('Product Backlog'!$C$3:$C$87,MATCH($C5,'Product Backlog'!$A$3:$A$87,0))} -> Crear usuario | E5: {=INDEX('Product Backlog'!$F$3:$F$87,MATCH($C5,'Product Backlog'!$A$3:$A$87,0))} -> 2
C6: HU-004 | D6: {=INDEX('Product Backlog'!$C$3:$C$87,MATCH($C6,'Product Backlog'!$A$3:$A$87,0))} -> Editar usuario | E6: {=INDEX('Product Backlog'!$F$3:$F$87,MATCH($C6,'Product Backlog'!$A$3:$A$87,0))} -> 1
C7: HU-005 | D7: {=INDEX('Product Backlog'!$C$3:$C$87,MATCH($C7,'Product Backlog'!$A$3:$A$87,0))} -> Eliminar usuario | E7: {=INDEX('Product Backlog'!$F$3:$F$87,MATCH($C7,'Product Backlog'!$A$3:$A$87,0))} -> 1
C8: HU-006 | D8: {=INDEX('Product Backlog'!$C$3:$C$87,MATCH($C8,'Product Backlog'!$A$3:$A$87,0))} -> Consultar y buscar usuarios | E8: {=INDEX('Product Backlog'!$F$3:$F$87,MATCH($C8,'Product Backlog'!$A$3:$A$87,0))} -> 2
C9: HU-007 | D9: {=INDEX('Product Backlog'!$C$3:$C$87,MATCH($C9,'Product Backlog'!$A$3:$A$87,0))} -> Crear rol | E9: {=INDEX('Product Backlog'!$F$3:$F$87,MATCH($C9,'Product Backlog'!$A$3:$A$87,0))} -> 1
C10: HU-008 | D10: {=INDEX('Product Backlog'!$C$3:$C$87,MATCH($C10,'Product Backlog'!$A$3:$A$87,0))} -> Editar rol | E10: {=INDEX('Product Backlog'!$F$3:$F$87,MATCH($C10,'Product Backlog'!$A$3:$A$87,0))} -> 1
C11: HU-009 | D11: {=INDEX('Product Backlog'!$C$3:$C$87,MATCH($C11,'Product Backlog'!$A$3:$A$87,0))} -> Eliminar rol | E11: {=INDEX('Product Backlog'!$F$3:$F$87,MATCH($C11,'Product Backlog'!$A$3:$A$87,0))} -> 1
C12: HU-010 | D12: {=INDEX('Product Backlog'!$C$3:$C$87,MATCH($C12,'Product Backlog'!$A$3:$A$87,0))} -> Consultar roles | E12: {=INDEX('Product Backlog'!$F$3:$F$87,MATCH($C12,'Product Backlog'!$A$3:$A$87,0))} -> 1
C13: HU-011 | D13: {=INDEX('Product Backlog'!$C$3:$C$87,MATCH($C13,'Product Backlog'!$A$3:$A$87,0))} -> Asignar permisos a un rol | E13: {=INDEX('Product Backlog'!$F$3:$F$87,MATCH($C13,'Product Backlog'!$A$3:$A$87,0))} -> 3
C14: HU-012 | D14: {=INDEX('Product Backlog'!$C$3:$C$87,MATCH($C14,'Product Backlog'!$A$3:$A$87,0))} -> Asignar roles a un usuario | E14: {=INDEX('Product Backlog'!$F$3:$F$87,MATCH($C14,'Product Backlog'!$A$3:$A$87,0))} -> 1
C15: HU-013 | D15: {=INDEX('Product Backlog'!$C$3:$C$87,MATCH($C15,'Product Backlog'!$A$3:$A$87,0))} -> Restringir el acceso a funcionalidades por rol | E15: {=INDEX('Product Backlog'!$F$3:$F$87,MATCH($C15,'Product Backlog'!$A$3:$A$87,0))} -> 3
... C26: HU-024 | D26: {=INDEX('Product Backlog'!$C$3:$C$87,MATCH($C26,'Product Backlog'!$A$3:$A$87,0))} -> Restringir la radicación de Recibidos al rol Radicador | E26: {=INDEX('Product Backlog'!$F$3:$F$87,MATCH($C26,'Product Backlog'!$A$3:$A$87,0))} -> 2
C27: Total SPRINT 1 | E27: =SUM(E3:E26) -> 39
A29: SPRINT 2 | B29: Motor de flujos (workflow engine) y bandeja de tareas Permitir el diseño y la publicación de flujos lineales de aprobación e integrar la bandeja de entrada para que las áreas operativas aprueben, rechacen o devuelvan documentos. | C29: HU-015 | D29: {=INDEX('Product Backlog'!$C$3:$C$87,MATCH($C29,'Product Backlog'!$A$3:$A$87,0))} -> Administrar catálogo de tipos documentales | E29: {=INDEX('Product Backlog'!$F$3:$F$87,MATCH($C29,'Product Backlog'!$A$3:$A$87,0))} -> 1
C30: HU-021 | D30: {=INDEX('Product Backlog'!$C$3:$C$87,MATCH($C30,'Product Backlog'!$A$3:$A$87,0))} -> Editar metadatos de un radicado | E30: {=INDEX('Product Backlog'!$F$3:$F$87,MATCH($C30,'Product Backlog'!$A$3:$A$87,0))} -> 1
C31: HU-027 | D31: {=INDEX('Product Backlog'!$C$3:$C$87,MATCH($C31,'Product Backlog'!$A$3:$A$87,0))} -> Adjuntar múltiples archivos en una sola carga | E31: {=INDEX('Product Backlog'!$F$3:$F$87,MATCH($C31,'Product Backlog'!$A$3:$A$87,0))} -> 1
C32: HU-029 | D32: {=INDEX('Product Backlog'!$C$3:$C$87,MATCH($C32,'Product Backlog'!$A$3:$A$87,0))} -> Eliminar un anexo | E32: {=INDEX('Product Backlog'!$F$3:$F$87,MATCH($C32,'Product Backlog'!$A$3:$A$87,0))} -> 1
C33: HU-046 | D33: {=INDEX('Product Backlog'!$C$3:$C$87,MATCH($C33,'Product Backlog'!$A$3:$A$87,0))} -> Consultar el historial de un documento | E33: {=INDEX('Product Backlog'!$F$3:$F$87,MATCH($C33,'Product Backlog'!$A$3:$A$87,0))} -> 2
C34: HU-049 | D34: {=INDEX('Product Backlog'!$C$3:$C$87,MATCH($C34,'Product Backlog'!$A$3:$A$87,0))} -> Editar un flujo de trabajo | E34: {=INDEX('Product Backlog'!$F$3:$F$87,MATCH($C34,'Product Backlog'!$A$3:$A$87,0))} -> 1
C35: HU-050 | D35: {=INDEX('Product Backlog'!$C$3:$C$87,MATCH($C35,'Product Backlog'!$A$3:$A$87,0))} -> Desactivar un flujo de trabajo | E35: {=INDEX('Product Backlog'!$F$3:$F$87,MATCH($C35,'Product Backlog'!$A$3:$A$87,0))} -> 1
C36: HU-052 | D36: {=INDEX('Product Backlog'!$C$3:$C$87,MATCH($C36,'Product Backlog'!$A$3:$A$87,0))} -> Visualizar el flujo en un lienzo gráfico | E36: {=INDEX('Product Backlog'!$F$3:$F$87,MATCH($C36,'Product Backlog'!$A$3:$A$87,0))} -> 5
C37: HU-053 | D37: {=INDEX('Product Backlog'!$C$3:$C$87,MATCH($C37,'Product Backlog'!$A$3:$A$87,0))} -> Crear un estado | E37: {=INDEX('Product Backlog'!$F$3:$F$87,MATCH($C37,'Product Backlog'!$A$3:$A$87,0))} -> 1
C38: HU-054 | D38: {=INDEX('Product Backlog'!$C$3:$C$87,MATCH($C38,'Product Backlog'!$A$3:$A$87,0))} -> Editar un estado | E38: {=INDEX('Product Backlog'!$F$3:$F$87,MATCH($C38,'Product Backlog'!$A$3:$A$87,0))} -> 1
C39: HU-055 | D39: {=INDEX('Product Backlog'!$C$3:$C$87,MATCH($C39,'Product Backlog'!$A$3:$A$87,0))} -> Definir estado inicial y estados finales | E39: {=INDEX('Product Backlog'!$F$3:$F$87,MATCH($C39,'Product Backlog'!$A$3:$A$87,0))} -> 1
C40: HU-057 | D40: {=INDEX('Product Backlog'!$C$3:$C$87,MATCH($C40,'Product Backlog'!$A$3:$A$87,0))} -> Editar una transición | E40: {=INDEX('Product Backlog'!$F$3:$F$87,MATCH($C40,'Product Backlog'!$A$3:$A$87,0))} -> 1
C41: HU-058 | D41: {=INDEX('Product Backlog'!$C$3:$C$87,MATCH($C41,'Product Backlog'!$A$3:$A$87,0))} -> Eliminar una transición | E41: {=INDEX('Product Backlog'!$F$3:$F$87,MATCH($C41,'Product Backlog'!$A$3:$A$87,0))} -> 1
... C50: HU-077 | D50: {=INDEX('Product Backlog'!$C$3:$C$87,MATCH($C50,'Product Backlog'!$A$3:$A$87,0))} -> Visualizar las firmas de un documento | E50: {=INDEX('Product Backlog'!$F$3:$F$87,MATCH($C50,'Product Backlog'!$A$3:$A$87,0))} -> 1
C51: Total SPRINT 2 | E51: =SUM(E29:E50) -> 35
A53: SPRINT 3 | B53: Expediente, plantillas, orígenes/copias y firma electrónica Habilitar el expediente central organizado por área, la generación de documentos desde plantillas, la captura de metadatos extendidos y el manejo de copias (Clase Original/Copia), y la firma electrónica para la aprobación ejecutiva. | C53: HU-022 | D53: {=INDEX('Product Backlog'!$C$3:$C$87,MATCH($C53,'Product Backlog'!$A$3:$A$87,0))} -> Administrar entidades | E53: {=INDEX('Product Backlog'!$F$3:$F$87,MATCH($C53,'Product Backlog'!$A$3:$A$87,0))} -> 1
C54: HU-023 | D54: {=INDEX('Product Backlog'!$C$3:$C$87,MATCH($C54,'Product Backlog'!$A$3:$A$87,0))} -> Listar y filtrar radicados | E54: {=INDEX('Product Backlog'!$F$3:$F$87,MATCH($C54,'Product Backlog'!$A$3:$A$87,0))} -> 2
C55: HU-028 | D55: {=INDEX('Product Backlog'!$C$3:$C$87,MATCH($C55,'Product Backlog'!$A$3:$A$87,0))} -> Visualizar y descargar anexos | E55: {=INDEX('Product Backlog'!$F$3:$F$87,MATCH($C55,'Product Backlog'!$A$3:$A$87,0))} -> 1
C56: HU-043 | D56: {=INDEX('Product Backlog'!$C$3:$C$87,MATCH($C56,'Product Backlog'!$A$3:$A$87,0))} -> Registrar eventos en la bitácora | E56: {=INDEX('Product Backlog'!$F$3:$F$87,MATCH($C56,'Product Backlog'!$A$3:$A$87,0))} -> 3
C57: HU-047 | D57: {=INDEX('Product Backlog'!$C$3:$C$87,MATCH($C57,'Product Backlog'!$A$3:$A$87,0))} -> Filtrar la bitácora por usuario, fecha y acción | E57: {=INDEX('Product Backlog'!$F$3:$F$87,MATCH($C57,'Product Backlog'!$A$3:$A$87,0))} -> 1
C58: HU-048 | D58: {=INDEX('Product Backlog'!$C$3:$C$87,MATCH($C58,'Product Backlog'!$A$3:$A$87,0))} -> Crear un flujo de trabajo | E58: {=INDEX('Product Backlog'!$F$3:$F$87,MATCH($C58,'Product Backlog'!$A$3:$A$87,0))} -> 1
C59: HU-051 | D59: {=INDEX('Product Backlog'!$C$3:$C$87,MATCH($C59,'Product Backlog'!$A$3:$A$87,0))} -> Consultar los flujos de trabajo | E59: {=INDEX('Product Backlog'!$F$3:$F$87,MATCH($C59,'Product Backlog'!$A$3:$A$87,0))} -> 1
C60: HU-056 | D60: {=INDEX('Product Backlog'!$C$3:$C$87,MATCH($C60,'Product Backlog'!$A$3:$A$87,0))} -> Crear una transición | E60: {=INDEX('Product Backlog'!$F$3:$F$87,MATCH($C60,'Product Backlog'!$A$3:$A$87,0))} -> 3
C61: HU-059 | D61: {=INDEX('Product Backlog'!$C$3:$C$87,MATCH($C61,'Product Backlog'!$A$3:$A$87,0))} -> Asignar roles o áreas a un estado | E61: {=INDEX('Product Backlog'!$F$3:$F$87,MATCH($C61,'Product Backlog'!$A$3:$A$87,0))} -> 2
C62: HU-060 | D62: {=INDEX('Product Backlog'!$C$3:$C$87,MATCH($C62,'Product Backlog'!$A$3:$A$87,0))} -> Quitar roles o áreas de un estado | E62: {=INDEX('Product Backlog'!$F$3:$F$87,MATCH($C62,'Product Backlog'!$A$3:$A$87,0))} -> 1
C63: HU-062 | D63: {=INDEX('Product Backlog'!$C$3:$C$87,MATCH($C63,'Product Backlog'!$A$3:$A$87,0))} -> Iniciar el trámite de un radicado en un flujo | E63: {=INDEX('Product Backlog'!$F$3:$F$87,MATCH($C63,'Product Backlog'!$A$3:$A$87,0))} -> 2
C64: HU-067 | D64: {=INDEX('Product Backlog'!$C$3:$C$87,MATCH($C64,'Product Backlog'!$A$3:$A$87,0))} -> Cancelar un documento | E64: {=INDEX('Product Backlog'!$F$3:$F$87,MATCH($C64,'Product Backlog'!$A$3:$A$87,0))} -> 1
C65: HU-030 | D65: {=INDEX('Product Backlog'!$C$3:$C$87,MATCH($C65,'Product Backlog'!$A$3:$A$87,0))} -> Crear estructura de carpetas por Área | E65: {=INDEX('Product Backlog'!$F$3:$F$87,MATCH($C65,'Product Backlog'!$A$3:$A$87,0))} -> 2
... C77: HU-042 | D77: {=INDEX('Product Backlog'!$C$3:$C$87,MATCH($C77,'Product Backlog'!$A$3:$A$87,0))} -> Visualizar copias en bandeja secundaria | E77: {=INDEX('Product Backlog'!$F$3:$F$87,MATCH($C77,'Product Backlog'!$A$3:$A$87,0))} -> 2
C78: Total SPRINT 3 | E78: =SUM(E53:E77) -> 46
A80: SPRINT 4 | B80: Control de tiempos (SLA), reglas complejas y afinamiento Incorporar la asignación y tenencia de tareas del motor BPM, el control de tiempos (SLA general y por paso) con sus alertas, las bifurcaciones condicionales y el versionamiento de flujos, y cubrir los requerimientos no funcionales (respaldo, responsive, rendimiento) para entregar el MVP. | C80: HU-078 | D80: {=INDEX('Product Backlog'!$C$3:$C$87,MATCH($C80,'Product Backlog'!$A$3:$A$87,0))} -> Crear una nueva versión de un flujo activo | E80: {=INDEX('Product Backlog'!$F$3:$F$87,MATCH($C80,'Product Backlog'!$A$3:$A$87,0))} -> 3
C81: HU-079 | D81: {=INDEX('Product Backlog'!$C$3:$C$87,MATCH($C81,'Product Backlog'!$A$3:$A$87,0))} -> Mantener los trámites en curso en su versión original | E81: {=INDEX('Product Backlog'!$F$3:$F$87,MATCH($C81,'Product Backlog'!$A$3:$A$87,0))} -> 3
C82: HU-080 | D82: {=INDEX('Product Backlog'!$C$3:$C$87,MATCH($C82,'Product Backlog'!$A$3:$A$87,0))} -> Consultar el historial de versiones de un flujo | E82: {=INDEX('Product Backlog'!$F$3:$F$87,MATCH($C82,'Product Backlog'!$A$3:$A$87,0))} -> 1
C83: HU-081 | D83: {=INDEX('Product Backlog'!$C$3:$C$87,MATCH($C83,'Product Backlog'!$A$3:$A$87,0))} -> Configurar copias de seguridad periódicas | E83: {=INDEX('Product Backlog'!$F$3:$F$87,MATCH($C83,'Product Backlog'!$A$3:$A$87,0))} -> 2
C84: HU-082 | D84: {=INDEX('Product Backlog'!$C$3:$C$87,MATCH($C84,'Product Backlog'!$A$3:$A$87,0))} -> Restaurar información desde una copia de seguridad | E84: {=INDEX('Product Backlog'!$F$3:$F$87,MATCH($C84,'Product Backlog'!$A$3:$A$87,0))} -> 1
C85: HU-083 | D85: {=INDEX('Product Backlog'!$C$3:$C$87,MATCH($C85,'Product Backlog'!$A$3:$A$87,0))} -> Adaptar consulta y aprobación a dispositivos móviles | E85: {=INDEX('Product Backlog'!$F$3:$F$87,MATCH($C85,'Product Backlog'!$A$3:$A$87,0))} -> 3
C86: HU-084 | D86: {=INDEX('Product Backlog'!$C$3:$C$87,MATCH($C86,'Product Backlog'!$A$3:$A$87,0))} -> Verificar los tiempos de respuesta | E86: {=INDEX('Product Backlog'!$F$3:$F$87,MATCH($C86,'Product Backlog'!$A$3:$A$87,0))} -> 2
C87: HU-085 | D87: {=INDEX('Product Backlog'!$C$3:$C$87,MATCH($C87,'Product Backlog'!$A$3:$A$87,0))} -> Verificar la concurrencia de usuarios | E87: {=INDEX('Product Backlog'!$F$3:$F$87,MATCH($C87,'Product Backlog'!$A$3:$A$87,0))} -> 2
C88: HU-069 | D88: {=INDEX('Product Backlog'!$C$3:$C$87,MATCH($C88,'Product Backlog'!$A$3:$A$87,0))} -> Asignar responsable a un paso (Usuario/Grupo/Rol) | E88: {=INDEX('Product Backlog'!$F$3:$F$87,MATCH($C88,'Product Backlog'!$A$3:$A$87,0))} -> 2
C89: HU-070 | D89: {=INDEX('Product Backlog'!$C$3:$C$87,MATCH($C89,'Product Backlog'!$A$3:$A$87,0))} -> Tomar tarea de un grupo/rol (Claim) | E89: {=INDEX('Product Backlog'!$F$3:$F$87,MATCH($C89,'Product Backlog'!$A$3:$A$87,0))} -> 2
C90: HU-071 | D90: {=INDEX('Product Backlog'!$C$3:$C$87,MATCH($C90,'Product Backlog'!$A$3:$A$87,0))} -> Bloquear tenencia única del Original | E90: {=INDEX('Product Backlog'!$F$3:$F$87,MATCH($C90,'Product Backlog'!$A$3:$A$87,0))} -> 2
C91: HU-072 | D91: {=INDEX('Product Backlog'!$C$3:$C$87,MATCH($C91,'Product Backlog'!$A$3:$A$87,0))} -> Configurar tiempo límite general del flujo | E91: {=INDEX('Product Backlog'!$F$3:$F$87,MATCH($C91,'Product Backlog'!$A$3:$A$87,0))} -> 1
C92: HU-073 | D92: {=INDEX('Product Backlog'!$C$3:$C$87,MATCH($C92,'Product Backlog'!$A$3:$A$87,0))} -> Configurar tiempo límite por paso | E92: {=INDEX('Product Backlog'!$F$3:$F$87,MATCH($C92,'Product Backlog'!$A$3:$A$87,0))} -> 1
C93: HU-074 | D93: {=INDEX('Product Backlog'!$C$3:$C$87,MATCH($C93,'Product Backlog'!$A$3:$A$87,0))} -> Visualizar alertas de vencimiento (SLA) | E93: {=INDEX('Product Backlog'!$F$3:$F$87,MATCH($C93,'Product Backlog'!$A$3:$A$87,0))} -> 2
C94: Total SPRINT 4 | E94: =SUM(E80:E93) -> 27
